url,referrer
http://www.ocweekly.com/food/feature-review/make-these-chickens-sing/25737/,https://www.ocweekly.com/letters-6370142/
http://www.ocweekly.com/culture/arts/in-with-the-out-crowd-sally-storch-at-sue-greenwood-andy-moses-and-robert-porte-at-peter-blake/28804/,https://www.ocweekly.com/letters-from-oc-weekly-readers-6361729/
http://www.ocweekly.com/food/this-hole-in-the-wall-life/this-hole-in-the-wall-life/28292/,https://www.ocweekly.com/letters-6362728/
http://www.ocweekly.com/letters/letters/letters_2006-01-26.html,https://www.ocweekly.com/letters-6373968/
http://www.ocweekly.com/culture/trendzilla/trendzilla-skater-boy-fashion/29094/,https://www.ocweekly.com/letters-from-oc-weekly-readers-6360884/
http://www.ocweekly.com/culture/theater/the-vaginamarijuana-logues-at-the-hunger-artists-theatre/28523/,https://www.ocweekly.com/letters-from-oc-weekly-readers-6362486/
http://www.ocweekly.com/food/this-hole-in-the-wall-life/this-hole-in-the-wall-life/25074/,https://www.ocweekly.com/letters-6370017/
http://www.ocweekly.com/investigations,https://www.ocweekly.com/letters-6370017/
http://www.ocweekly.com/food/food/persian-paradise/24990/,https://www.ocweekly.com/letters-6372135/
http://www.ocweekly.com/culture/theater/summer-guide-our-picks-for-the-best-of-summer-theater/28906/,https://www.ocweekly.com/summer-guide-simple-pleasures-6361809/
http://www.ocweekly.com/culture/arts/summer-guide-short-story-collections-with-legs/28904/,https://www.ocweekly.com/summer-guide-simple-pleasures-6361809/
http://www.ocweekly.com/movies/theaters/,https://www.ocweekly.com/more-ragged-glories-neil-young-and-jonathan-demme-discuss-their-third-concert-film-6446890/
http://www.ocweekly.com/stickaforkinit,https://www.ocweekly.com/holiday-gift-guide-handmade-food-related-gifts-6624481/
http://www.ocweekly.com/food/feature-review/drink-eat-but-dont-pass-out/25993/,https://www.ocweekly.com/letters-6369190/
http://www.ocweekly.com/calendar/octheater.php,https://www.ocweekly.com/letters-6382659/
http://www.ocweekly.com/culture/arts/yours-horrifically/28179/,https://www.ocweekly.com/letters-6363129/
http://www.ocweekly.com/food/feature-review/-wasabi-sampm/28173/,https://www.ocweekly.com/letters-6363129/
http://www.ocweekly.com/photoGallery/?gallery=53222,https://www.ocweekly.com/blazing-saddles-6366768/
http://www.ocweekly.com/culture/comedy/comedian-crushes/26387/,https://www.ocweekly.com/news-letters-6367829/
http://www.ocweekly.com/images/ink/05/26/26cathedra.xls,https://www.ocweekly.com/as-for-chicken-broth-spinning-doll-head-bathtub-dragster-i-defer-to-your-greater-knowledge-6377230/
http://www.ocweekly.com/food/feature-review/an-ode-to-the-pastel-de-tres-leches/25689/,https://www.ocweekly.com/letters-6402349/
"http://www.ocweekly.com/the-news/news/great-dick,-babe_2006-02-09.html",https://www.ocweekly.com/letters-6373497/
http://www.ocweekly.com/promotions/view/605230,https://www.ocweekly.com/free-shit-tickets-to-see-bob-weir-and-phil-lesh-at-further-in-colorado-6573572/
conor-oberst-bright-eyes/,https://www.ocweekly.com/conor-oberst-fox-theater-pomona-october-3-2012-6582617/
"http://www.ocweekly.com/component/option,com_lsd/go,1/Itemid,202/",https://www.ocweekly.com/get-out-6374340/
"http://www.ocweekly.com/component/option,com_lsd/go_list,1/Itemid,202/",https://www.ocweekly.com/get-out-6374006/
coachella-caifanes-saul-hernandez-alejandro-marcovich/,https://www.ocweekly.com/coachella-2011-6422677/
coachella-matt-maust-cold-war-kids/,https://www.ocweekly.com/coachella-2011-6422677/
coachella-matt-maust-cold-war-kids/,https://www.ocweekly.com/coachella-2011-6422677/
http://www.ocweekly.com/culture/tv/onward-christian-soldier/26832/,https://www.ocweekly.com/news-letters-6367190/
http://www.ocweekly.com/culture/trendzilla/trendzilla/26870/,https://www.ocweekly.com/news-letters-6367190/
http://www.ocweekly.com/food/this-hole-in-the-wall-life/this-hole-in-the-wall-life/26872/,https://www.ocweekly.com/news-letters-6367190/
http://www.ocweekly.com/food/feature-review/battle-of-the-strip-mall-chinese-restaurants/21887/,https://www.ocweekly.com/news-letters-6367190/
http://www.ocweekly.com/food/feature-review/construction-cuisine/21283/,https://www.ocweekly.com/news-letters-6367190/
http://www.ocweekly.com/food/feature-review/barcelona-comes-to-fullerton-via-lizarran-tapas/28997/,https://www.ocweekly.com/letters-from-oc-weekly-readers-6361509/
http://www.ocweekly.com/food/this-hole-in-the-wall-life/this-hole-in-the-wall-life-drowning-your-yen-at-la-perla-tapatia/28872/,https://www.ocweekly.com/letters-from-oc-weekly-readers-6361146/
http://www.ocweekly.com/culture/trendzilla/trendzilla-look-ma-no-brakes/28439/,https://www.ocweekly.com/letters-from-oc-weekly-readers-6362914/
http://www.ocweekly.com/culture/trendzilla/trendzilla/27315/,https://www.ocweekly.com/news-letters-6365838/
http://www.ocweekly.com/culture/arts/use-the-force/27345/,https://www.ocweekly.com/news-letters-6365838/
http://www.ocweekly.com/culture/trendzilla/trendzilla/26938/,https://www.ocweekly.com/news-letters-6366293/
http://www.ocweekly.com/web/web/ask-a-mexican-glossary/25290/,https://www.ocweekly.com/news-letters-6366069/
http://www.ocweekly.com/food/this-hole-in-the-wall-life/this-hole-in-the-wall-life/27199/,https://www.ocweekly.com/news-letters-6366069/
http://www.ocweekly.com/culture/trendzilla/trendzilla/27196/,https://www.ocweekly.com/news-letters-6366069/
http://www.ocweekly.com/culture/trendzilla/trendzilla/27009/,https://www.ocweekly.com/news-letters-6366069/
http://www.ocweekly.com/food/food/a-fiesta-in-your-mouth/26209/,https://www.ocweekly.com/cholo-punk-karaoke-cabron-6426272/
http://www.ocweekly.com/culture/arts/youre-on-with-jesus/26894/,https://www.ocweekly.com/news-letters-6367219/
http://www.ocweekly.com/directory/world-cup-soccer-bars,https://www.ocweekly.com/world-cup-soccer-6405594/
http://www.ocweekly.com/culture/trendzilla/trendzilla/25446/,https://www.ocweekly.com/trendzilla-6371145/
http://www.ocweekly.com/content/result,https://www.ocweekly.com/chance-theater-continues-to-make-its-mark-6601378/
http://www.ocweekly.com/culture/arts/indians-scattered-on-dawns-highway-bleeding/26206/,https://www.ocweekly.com/letters-6368781/
http://www.ocweekly.com/culture/arts/leaking-bleeding-out-of-control/25189/,https://www.ocweekly.com/letters-6371435/
http://www.ocweekly.com/food/this-hole-in-the-wall-life/this-hole-in-the-wall-life/28066/,https://www.ocweekly.com/letters-6363275/
http://www.ocweekly.com/culture/trendzilla/trendzilla-its-spring-and-tribal-prints-are-back-in-style/28553/,https://www.ocweekly.com/letters-from-oc-weekly-readers-6362536/
https://www.ocweekly.com/images/ink/05/25/25cathedra2.pdf,https://www.ocweekly.com/personnel-bile-no-4-the-boneyard-tryst-6398161/
http://www.ocweekly.com/culture/theater/the-best-and-worst-of-2007/28269/,https://www.ocweekly.com/letters-6363204/
http://www.ocweekly.com/web/web/journey-from-the-fall-review/26953/,https://www.ocweekly.com/news-letters-6366449/
http://www.ocweekly.com/culture/theater/missing-in-action/27008/,https://www.ocweekly.com/news-letters-6366449/
http://www.ocweekly.com/movies/showtimes/,https://www.ocweekly.com/gay-and-gayer-6414816/
"http://www.ocweekly.com/film/film/emma,-actually_2006-01-26.html",https://www.ocweekly.com/new-reviews-6373812/
http://www.ocweekly.com/culture/theater/wanted-dead-or-alive/28180/,https://www.ocweekly.com/news-letters-6363736/
http://www.ocweekly.com/food/feature-review/eating-crow/28204/,https://www.ocweekly.com/news-letters-6363736/
http://www.ocweekly.com/food/feature-review/raw-power/27590/,https://www.ocweekly.com/news-letters-6364979/
http://www.ocweekly.com/culture/arts/the-big-con/27483/,https://www.ocweekly.com/arts-comic-con-survival-guide-6397861/
http://www.ocweekly.com/letters/letters/letters_2006-01-12.html,https://www.ocweekly.com/letters-6401674/
http://www.ocweekly.com/food/this-hole-in-the-wall-life/this-hole-in-the-wall-life/26799/,https://www.ocweekly.com/news-letters-6363022/
http://www.ocweekly.com/culture/arts/good-vibrations/27416/,https://www.ocweekly.com/news-letters-6365947/
http://www.ocweekly.com/images/stories/coachella_aaron/coachella_april30.html,https://www.ocweekly.com/coachella-through-the-lens-6401012/
"http://www.ocweekly.com/the-news/news/first,-we-bitch%11slap-the-lawyers_2004-05-06.html",https://www.ocweekly.com/haidl-gang-rape-archive-6373821/
"http://www.ocweekly.com/the-news/news/teen-sex,-cash-and-videotape_2004-01-08.html",https://www.ocweekly.com/haidl-gang-rape-archive-6373821/
http://www.ocweekly.com/promotions/win-a-pair-of-tickets-to-danzig-at-the-grove-of-anaheim-on-11-20--822015/,https://www.ocweekly.com/glenn-danzig-vs-the-internet-6604362/
http://www.ocweekly.com/calendar/ocpoprock.php,https://www.ocweekly.com/hot-as-in-god-6376489/
http://www.ocweekly.com/culture/arts/no-big-payout-for-the-laguna-art-museums-las-vegas-diaspora/28627/,https://www.ocweekly.com/letters-from-oc-weekly-readers-6362184/
http://www.ocweekly.com/food/feature-review/mexcellente/27101/,https://www.ocweekly.com/news-letters-6366545/
http://www.ocweekly.com/food/feature-review/amazing-lamb-at-santa-anas-bistro-400/28674/,https://www.ocweekly.com/letters-from-oc-weekly-readers-6361994/
http://www.ocweekly.com/culture/arts/youll-either-get-the-obsessive-compulsive-show-at-the-huntington-beach-art-center-or-you-wont/28677/,https://www.ocweekly.com/letters-from-oc-weekly-readers-6361994/
https://www.ocweekly.com/images/ink/05/26/26cathedra.xls,https://www.ocweekly.com/personnel-bile-no-5-the-list-6425237/
http://www.ocweekly.com/culture/arts/the-tiki-freakout-art-show-at-the-light-gallery-in-costa-mesa-proves-some-styles-never-truly-die/29083/,https://www.ocweekly.com/letters-from-oc-weekly-readers-6360886/
http://www.ocweekly.com/food/this-hole-in-the-wall-life/this-hole-in-the-wall-life-bowled-over-again-at-mos-2/29043/,https://www.ocweekly.com/letters-from-oc-weekly-readers-6360886/
http://www.ocweekly.com/culture/theater/the-huntington-beach-playhouses-new-musical-born-to-ride-the-waves-feels-a-tad-too-familiar/29002/,https://www.ocweekly.com/letters-from-oc-weekly-readers-6360793/
http://www.ocweekly.com/food/this-hole-in-the-wall-life/this-hole-in-the-wall-life-thai-this-now-siam-taste-of-asia/28998/,https://www.ocweekly.com/letters-from-oc-weekly-readers-6360793/
http://www.ocweekly.com/culture/theater/brian-kojacs-production-of-dan-acres-dirty-laundry-at-stagestheatre-could-use-a-good-scrubbing/29047/,https://www.ocweekly.com/letters-from-oc-weekly-readers-6360793/
http://www.ocweekly.com/culture/theater/cal-state-long-beachs-production-of-euripides-women-of-troy-is-a-single-note-of-shrieking-sorrow/28654/,https://www.ocweekly.com/letters-from-oc-weekly-readers-6361607/
http://www.ocweekly.com/culture/arts/dennis-hare-asbestos-and-demonic-pat-sparkuhl-dollies-at-santa-ana-gallery-spaceonspurgeon/28732/,https://www.ocweekly.com/letters-from-oc-weekly-readers-6361607/
http://www.ocweekly.com/culture/arts/eoin-breadon-and-jason-chakravarty-haunt-space-gallery-also-lee-price-at-sarah-bain-gallery/28756/,https://www.ocweekly.com/letters-from-oc-weekly-readers-6361607/
http://www.ocweekly.com/culture/trendzilla/trendzilla-toe-rings-still/28780/,https://www.ocweekly.com/letters-from-oc-weekly-readers-6361607/
http://www.ocweekly.com/food/this-hole-in-the-wall-life/this-hole-in-the-wall-life-three-kinds-of-pork-at-el-rincon-del-sabor/28706/,https://www.ocweekly.com/letters-from-oc-weekly-readers-6361607/
http://www.ocweekly.com/food/this-hole-in-the-wall-life/this-hole-in-the-wall-life/27591/,https://www.ocweekly.com/letters-from-oc-weekly-readers-6361607/
http://www.ocweekly.com/culture/theater/ecce-homo/26495/,https://www.ocweekly.com/news-letters-6367963/
http://www.ocweekly.com/food/this-hole-in-the-wall-life/this-hole-in-the-wall-life/25919/,https://www.ocweekly.com/letters-6369815/
http://www.ocweekly.com/web/web/haidl-gang-rape-archive/24438/,https://www.ocweekly.com/ghouls-gone-wild-6369507/
http://www.ocweekly.com/county/haidlclips/Haidl1.wmv,https://www.ocweekly.com/parting-shots-6377645/
http://www.ocweekly.com/county/haidlclips/Haidl2.wmv,https://www.ocweekly.com/parting-shots-6377645/
http://www.ocweekly.com/county/haidlclips/Haidl3.wmv,https://www.ocweekly.com/parting-shots-6377645/
http://www.ocweekly.com/county/haidlclips/Haidl4.wmv,https://www.ocweekly.com/parting-shots-6377645/
http://www.ocweekly.com/county/haidlclips/Haidl5.wmv,https://www.ocweekly.com/parting-shots-6377645/
http://www.ocweekly.com/county/bushburnsanswers.htm,https://www.ocweekly.com/bush-or-burns-6378741/
http://www.ocweekly.com/images/ink/06/03/Hill%20Letter.pdf,https://www.ocweekly.com/sex-bomb-6375662/
http://www.ocweekly.com/food/this-hole-in-the-wall-life/this-hole-in-the-wall-life/24296/,https://www.ocweekly.com/news-letters-6367120/
http://www.ocweekly.com/food/this-hole-in-the-wall-life/this-hole-in-the-wall-life/27351/,https://www.ocweekly.com/news-letters-6365936/
"http://www.ocweekly.com/the-news/news/the-trials-of-billy-joe,-white-supremacist_2006-02-16.html",https://www.ocweekly.com/letters-6373384/
http://www.ocweekly.com/component/content2/diary-of-a-mad-county/,https://www.ocweekly.com/letters-6373384/
http://www.ocweekly.com/food/feature-review/i-see-midwestern-people/26639/,https://www.ocweekly.com/news-letters-6367371/
http://www.ocweekly.com/feedback/EmailAnEmployee?to=855440,https://www.ocweekly.com/if-you-see-something-say-something-readers-we-want-your-stories-6576992/
http://www.ocweekly.com/culture/arts/rise-proletariats/28403/,https://www.ocweekly.com/letters-from-oc-weekly-readers-6362846/
http://www.ocweekly.com/culture/theater/hail-satan/28436/,https://www.ocweekly.com/letters-from-oc-weekly-readers-6362846/
coachella-2011/,https://www.ocweekly.com/letters-from-oc-weekly-readers-6417020/
http://www.ocweekly.com/images/ink/05/37/gustavo01.pdf,https://www.ocweekly.com/the-sins-of-the-father-6398581/
http://www.ocweekly.com/food/this-hole-in-the-wall-life/this-hole-in-the-wall-life/24592/,https://www.ocweekly.com/letters-6373061/
https://www.ocweekly.com/calendar/ocpolitics.php3,https://www.ocweekly.com/out-of-the-mouths-of-boobs-6395189/
http://www.ocweekly.com/food/feature-review/carl-karcher-was-god/28345/,https://www.ocweekly.com/letters-6362683/
"https://www.ocweekly.com/guitar-geek-festival-to-take-place-this-weekend-in-anaheim-6603847/%22http:/www.latimes.com/entertainment/music/posts/la-et-ms-2013-guitar-geek-festival-anaheim-20130123,0,1823987.story?track=rss&utm_source=dlvr.it&utm_medium=twitter&dlvrit=95857%22",https://www.ocweekly.com/guitar-geek-festival-to-take-place-this-weekend-in-anaheim-6603847/
http://www.ocweekly.com/food/food/latinos-we-like/24409,https://www.ocweekly.com/the-minuteman-pussy-out-6446087/
http://www.ocweekly.com/web/web/review-sparks-outcry/26951/,https://www.ocweekly.com/news-letters-6366838/
http://www.ocweekly.com/food/feature-review/castile-storms-back/27453/,https://www.ocweekly.com/news-letters-6365316/
http://www.ocweekly.com/culture/theater/sty-life/26564/,https://www.ocweekly.com/news-letters-6367524/
"https://www.ocweekly.com/restaurants/,DanaInfo=posting.ocweekly.com+urban-cactus-high-end-mexican-masterpiece-6433377",https://www.ocweekly.com/10-healthy-oc-restaurants-for-your-new-years-weight-loss-resolultion-6892205/
"https://www.ocweekly.com/restaurants/,DanaInfo=posting.ocweekly.com+eat-this-now-the-hb-avocado-original-at-avocado-cafe-6617694",https://www.ocweekly.com/10-healthy-oc-restaurants-for-your-new-years-weight-loss-resolultion-6892205/
"https://www.ocweekly.com/restaurants/,DanaInfo=posting.ocweekly.com+crave-restaurant-the-sweet-smell-of-sourdough-6426264",https://www.ocweekly.com/10-healthy-oc-restaurants-for-your-new-years-weight-loss-resolultion-6892205/
"https://www.ocweekly.com/location/,DanaInfo=posting.ocweekly.com+freesoulcaffe-6500661",https://www.ocweekly.com/10-healthy-oc-restaurants-for-your-new-years-weight-loss-resolultion-6892205/
"https://www.ocweekly.com/restaurants/,DanaInfo=posting.ocweekly.com+the-playground-is-the-brotherhood-of-the-purple-pants-6420982",https://www.ocweekly.com/10-oc-restaurants-to-take-out-of-towners-for-holidays-6850377/
"https://www.ocweekly.com/restaurants/,DanaInfo=posting.ocweekly.com+29-mango-tango-joe-latti-at-joes-italian-ice-6612147",https://www.ocweekly.com/10-oc-restaurants-to-take-out-of-towners-for-holidays-6850377/
"https://www.ocweekly.com/restaurants/,DanaInfo=posting.ocweekly.com+at-din-tai-fung-the-waiting-is-the-hardest-part-6609691",https://www.ocweekly.com/10-oc-restaurants-to-take-out-of-towners-for-holidays-6850377/
"https://www.ocweekly.com/restaurants/,DanaInfo=posting.ocweekly.com+micks-karma-bar-is-burger-heaven-in-hell-6421720",https://www.ocweekly.com/10-oc-restaurants-to-take-out-of-towners-for-holidays-6850377/
"https://www.ocweekly.com/restaurants/,DanaInfo=posting.ocweekly.com+the-only-taco-guide-to-orange-county-youll-ever-need-6619228",https://www.ocweekly.com/10-oc-restaurants-to-take-out-of-towners-for-holidays-6850377/
http://www.ocweekly.com/02-10-2011/music/devils-brigade-matt-freeman-rancid,https://www.ocweekly.com/devils-brigade-6416447/
https://www.ocweekly.com/images/ink/05/30/lede_chart2.pdf,https://www.ocweekly.com/deal-of-the-century-6425240/
https://www.ocweekly.com/images/ink/05/24/wideraconviction.pdf,https://www.ocweekly.com/personnel-bile-3-the-milwaukee-monster-6398160/
https://www.ocweekly.com/images/ink/05/24/fatherglass.pdf,https://www.ocweekly.com/personnel-bile-3-the-milwaukee-monster-6398160/
https://www.ocweekly.com/images/ink/05/24/wideraprobation.pdf,https://www.ocweekly.com/personnel-bile-3-the-milwaukee-monster-6398160/
https://www.ocweekly.com/images/ink/05/24/wideralog.pdf,https://www.ocweekly.com/personnel-bile-3-the-milwaukee-monster-6398160/
http://www.ocweekly.com/authors/chasen-marshall/,https://www.ocweekly.com/what-we-learned-6420786/
http://www.ocweekly.com/images/ink/05/25/25moxley1.pdf,https://www.ocweekly.com/sheriff-con-part-ii-6377825/
http://www.ocweekly.com/images/ink/05/25/25moxley2.pdf,https://www.ocweekly.com/sheriff-con-part-ii-6377825/
http://www.ocweekly.com/food/feature-review/to-dine-the-impossible-dinner/18924/,https://www.ocweekly.com/mexican-renaissance-6434160/
http://www.ocweekly.com/food/this-hole-in-the-wall-life/this-hole-in-the-wall-life-old-dog-new-tricks-carms-coneys-relocates-to-costa-mesa/28490/,https://www.ocweekly.com/letters-from-oc-weekly-readers-6362376/
http://www.ocweekly.com/culture/trendzilla/trendzilla/26834/,https://www.ocweekly.com/news-letters-6367074/
http://www.ocweekly.com/culture/arts/mary-queen-of-tats/27311/,https://www.ocweekly.com/news-letters-6365763/
http://www.ocweekly.com/content/result/issue:101153/,https://www.ocweekly.com/do-you-have-a-copy-of-this-oc-weekly-well-give-you-50-for-it-6448687/
https://www.ocweekly.com/images/ink/05/28/28excathedra.pdf,https://www.ocweekly.com/personnel-bile-no-6-the-e-mail-and-the-history-6398163/
"https://www.ocweekly.com/letters-6378978/%3CP%20ALIGN=%22JUSTIFY%22%3E%3CB%3EThis%20side%20of%20another%20Liza%20Minnelli%20beat-%3C/b%3Edown,%20nothing","https://www.ocweekly.com/letters-6378978/%3CP%20ALIGN=%22JUSTIFY%22%3E%3CB%3EThis%20side%20of%20another%20Liza%20Minnelli%20beat-%3C/b%3Edown,%20nothing%20"
"https://www.ocweekly.com/updated-with-court-documents-judge-tosses-out-businessmans-defamation-lawsuit-involving-2011-oc-weekly-profile-6458509/%22https:/my.vvmedia.com/,DanaInfo=www.twitter.com+rscottmoxley","https://www.ocweekly.com/updated-with-court-documents-judge-tosses-out-businessmans-defamation-lawsuit-involving-2011-oc-weekly-profile-6458509/%22https:/my.vvmedia.com/,DanaInfo=www.twitter.com+rscottmoxley%22"
"https://www.ocweekly.com/updated-with-court-documents-judge-tosses-out-businessmans-defamation-lawsuit-involving-2011-oc-weekly-profile-6458509/%22https:/my.vvmedia.com/,DanaInfo=www.twitter.com+ocweekly","https://www.ocweekly.com/updated-with-court-documents-judge-tosses-out-businessmans-defamation-lawsuit-involving-2011-oc-weekly-profile-6458509/%22https:/my.vvmedia.com/,DanaInfo=www.twitter.com+ocweekly%22"
"https://www.ocweekly.com/updated-with-court-documents-judge-tosses-out-businessmans-defamation-lawsuit-involving-2011-oc-weekly-profile-6458509/%22https:/my.vvmedia.com/,DanaInfo=www.facebook.com+OCWeekly","https://www.ocweekly.com/updated-with-court-documents-judge-tosses-out-businessmans-defamation-lawsuit-involving-2011-oc-weekly-profile-6458509/%22https:/my.vvmedia.com/,DanaInfo=www.facebook.com+OCWeekly%22"
https://www.ocweekly.com/navelgazing/2017/12/14/dana-watch-shes-a-man-baby,https://www.ocweekly.com/dana-watch-mail-order-snide-8679121/
http://www.ocweekly.com/food/feature-review/claes-is-class/26096/,https://www.ocweekly.com/letters-6368939/
"https://www.ocweekly.com/restaurants/,DanaInfo=posting.ocweekly.com+once-you-find-it-the-blackmarket-bakery-in-irvine-will-merit-many-happy-returns-6418614",https://www.ocweekly.com/blackmarket-bakery-opens-in-downtown-santa-ana-this-saturday-6885232/
http://www.ocweekly.com/food/feature-review/sashimi-surrender/27947/,https://www.ocweekly.com/40-omakase-at-gen-kai-in-irvine-6631722/
http://www.ocweekly.com/food/feature-review/what-rent-payment/28386/,https://www.ocweekly.com/40-omakase-at-gen-kai-in-irvine-6631722/
http://www.ocweekly.com/food/feature-review/eating-crow/28205/,https://www.ocweekly.com/all-day-filipino-breakfast-at-manila-groove-in-tustin-6609521/
https://www.ocweekly.com/best-of/2016/food-and-drink,https://www.ocweekly.com/100-favorite-oc-dishes-or-best-dish-in-oc-right-now-birria-de-res-at-burritos-la-palma-7608577/
http://www.ocweekly.com/navelgazing,http://ocweekly.com/navelgazing
"https://www.ocweekly.com/long-beach-colleges-part-of-program-to-offer-scholarships-to-those-in-country-illegally-6474229/%22http:/www.latimes.com/local/lanow/la-me-ln-college-dream-20140204,0,7782722.story","https://www.ocweekly.com/long-beach-colleges-part-of-program-to-offer-scholarships-to-those-in-country-illegally-6474229/%22http:/www.latimes.com/local/lanow/la-me-ln-college-dream-20140204,0,7782722.story%22"
http://www.ocweekly.com/food/food/gustavo-arellanos-34-favorite-desserts/25676/,https://www.ocweekly.com/just-desserts-6434175/
http://www.ocweekly.com/food/food/hey-there-cupcake/25675/,https://www.ocweekly.com/just-desserts-6434175/
http://www.ocweekly.com/food/food/we-all-scream-for-ice-cream/25677/,https://www.ocweekly.com/just-desserts-6434175/
http://www.ocweekly.com/food/food/a-sweet-lifes-work/25691/,https://www.ocweekly.com/just-desserts-6434175/
http://www.ocweekly.com/food/food/not-just-for-the-sake-of-crazy/25674/,https://www.ocweekly.com/just-desserts-6434175/
http://www.ocweekly.com/food/food/conquering-foreign-palates-near-you/25679/,https://www.ocweekly.com/just-desserts-6434175/
http://www.ocweekly.com/food/food/an-ode-to-cheerwine/25681/,https://www.ocweekly.com/just-desserts-6434175/
http://www.ocweekly.com/food/food/an-ode-to-the-lava-cake/25686/,https://www.ocweekly.com/just-desserts-6434175/
http://www.ocweekly.com/food/food/an-ode-to-the-pastel-de-tres-leches/25689/,https://www.ocweekly.com/just-desserts-6434175/
http://www.ocweekly.com/food/food/an-ode-to-chocolate-cream-pie/25683/,https://www.ocweekly.com/just-desserts-6434175/
http://www.ocweekly.com/food/food/an-ode-to-hostess-fruit-pies/25684/,https://www.ocweekly.com/just-desserts-6434175/
http://www.ocweekly.com/food/food/an-ode-to-little-debbie-swiss-cake-rolls/25687/,https://www.ocweekly.com/just-desserts-6434175/
http://www.ocweekly.com/food/food/an-ode-to-chocolake-cake/25682/,https://www.ocweekly.com/just-desserts-6434175/
http://www.ocweekly.com/food/food/an-ode-to-cereal/25680/,https://www.ocweekly.com/just-desserts-6434175/
http://www.ocweekly.com/food/food/an-ode-to-zingers/25690/,https://www.ocweekly.com/just-desserts-6434175/
http://www.ocweekly.com/food/food/an-ode-to-lychees/25688/,https://www.ocweekly.com/just-desserts-6434175/
http://www.ocweekly.com/calendar/outta-county/wednesday-1212/28171/,https://www.ocweekly.com/news-to-do-tonight-12-12-6475940/
"https://www.ocweekly.com/updated-with-replica-gun-rap-sheet-ian-christopher-berrier-20-dead-in-huntington-beach-officer-involved-shooting-6450581/%22http:/www.hbindependent.com/news/tn-hbi-0328-berrier-update-20130322,0,440293.story","https://www.ocweekly.com/updated-with-replica-gun-rap-sheet-ian-christopher-berrier-20-dead-in-huntington-beach-officer-involved-shooting-6450581/%22http:/www.hbindependent.com/news/tn-hbi-0328-berrier-update-20130322,0,440293.story%22"
"https://www.ocweekly.com/la-santa-cecilia-win-a-grammy-6587499/%22http:/www.latimes.com/entertainment/envelope/music/la-et-ms-la-santa-cecilia-grammys-20140126,0,5108042.story",https://www.ocweekly.com/la-santa-cecilia-win-a-grammy-6587499/
"https://www.ocweekly.com/kingchops-taiwanese-pork-chop-specialist-now-open-in-irvine-6612633/%22http:/content.time.com/time/world/article/0,8599,1871635,00.html","https://www.ocweekly.com/kingchops-taiwanese-pork-chop-specialist-now-open-in-irvine-6612633/%22http:/content.time.com/time/world/article/0,8599,1871635,00.html%22"
"https://www.ocweekly.com/hillary-clinton-to-scoop-up-presidential-campaign-cash-in-newport-beach-tonight-6449146/%22http:/www.dailypilot.com/news/tn-dpt-me-0605-hillary-visit-20150604,0,4102262.story","https://www.ocweekly.com/hillary-clinton-to-scoop-up-presidential-campaign-cash-in-newport-beach-tonight-6449146/%22http:/www.dailypilot.com/news/tn-dpt-me-0605-hillary-visit-20150604,0,4102262.story%22"
http://www.ocweekly.com/culture/trendzilla/trendzilla/26761/,https://www.ocweekly.com/news-letters-6366982/
http://www.ocweekly.com/advice/savage-love-411/,https://www.ocweekly.com/dan-savage-gets-glitter-bombed-at-uci-for-saying-shemale-and-tranny-student-arrested-6483257/
"https://www.ocweekly.com/kim-pham-murder-update-candace-marie-brito-and-vanesa-tapia-zavala-back-in-court-tuesday-6451999/%22http:/www.latimes.com/local/la-me-nightclub-death-20140127,0,613876.story",https://www.ocweekly.com/kim-pham-murder-update-candace-marie-brito-and-vanesa-tapia-zavala-back-in-court-tuesday-6451999/
"https://www.ocweekly.com/kim-pham-murder-update-candace-marie-brito-and-vanesa-tapia-zavala-back-in-court-tuesday-6451999/%22http:/www.latimes.com/local/la-me-adv-nightclub-death-20140126,0,7328531.story",https://www.ocweekly.com/kim-pham-murder-update-candace-marie-brito-and-vanesa-tapia-zavala-back-in-court-tuesday-6451999/
"https://www.ocweekly.com/la-city-council-joins-anti-san-onofre-nuke-plant-chorus-6476022/%22http:/www.latimes.com/local/lanow/la-me-ln-san-onofre-20130423,0,6476550.story","https://www.ocweekly.com/la-city-council-joins-anti-san-onofre-nuke-plant-chorus-6476022/%22http:/www.latimes.com/local/lanow/la-me-ln-san-onofre-20130423,0,6476550.story%22"
http://www.ocweekly.com/terms-of-use,https://www.ocweekly.com/oc-weekly-terms-of-use/
"https://www.ocweekly.com/christopher-glen-phernambucq-paroled-sex-offender-guilty-of-porn-shoot-with-teen-boy-6474326/%22https:/my.vvmedia.com/,DanaInfo=www.facebook.com+OCWeekly","https://www.ocweekly.com/christopher-glen-phernambucq-paroled-sex-offender-guilty-of-porn-shoot-with-teen-boy-6474326/%22https:/my.vvmedia.com/,DanaInfo=www.facebook.com+OCWeekly%22"
"https://www.ocweekly.com/erwin-chemerinsky-uc-irvine-law-school-dean-talks-gay-marriage-with-jon-gruden-6448957/%22http:/www.theonion.com/articles/supreme-court-overturns-right-v-wrong,27077/?ref=auto%22",https://www.ocweekly.com/erwin-chemerinsky-uc-irvine-law-school-dean-talks-gay-marriage-with-jon-gruden-6448957/
"https://www.ocweekly.com/update-drug-czar-spills-the-beans-obama-administration-recreational-marijuana-response-will-be-all-about-the-kids-6447915/%22https:/my.vvmedia.com/breakingnews/ci_23054950/,DanaInfo=www.denverpost.com+holder-marijuanas-effect-children-factor","https://www.ocweekly.com/update-drug-czar-spills-the-beans-obama-administration-recreational-marijuana-response-will-be-all-about-the-kids-6447915/%22https:/my.vvmedia.com/breakingnews/ci_23054950/,DanaInfo=www.denverpost.com+holder-marijuanas-effect-children-factor%22"
http://www.ocweekly.com/calendar/outta-county/saturday-121/28131/,https://www.ocweekly.com/music-its-time-for-jonathan-richman-twice-this-weekend-6581373/
"https://www.ocweekly.com/steve-mensinger-costa-mesa-councilman-was-fine-revealing-cop-union-gps-snooping-judge-6456473/%22http:/www.latimes.com/local/la-me-police-spying-20131231,0,6426987.story",https://www.ocweekly.com/steve-mensinger-costa-mesa-councilman-was-fine-revealing-cop-union-gps-snooping-judge-6456473/
"https://www.ocweekly.com/metro-pointes-looming-led-lights-to-make-bright-stretch-of-405-freeway-even-brighter-6452032/%22http:/www.latimes.com/local/lanow/la-me-ln-costa-mesa-led-signs-405-freeway-20140108,0,4111335.story",https://www.ocweekly.com/metro-pointes-looming-led-lights-to-make-bright-stretch-of-405-freeway-even-brighter-6452032/
http://www.ocweekly.com/culture/theater/in-the-seven-deadly-sins-rude-guerrilla-theaters-morality-tales-arent-dirtyor-rudee/29069/,https://www.ocweekly.com/slideshow/seven-deadly-sins-rude-guerrilla-theater-company-125089/
http://www.ocweekly.com/culture/arts/a-new-york-state-of-mind-at-rohrer-fine-art-in-laguna-beach/29115/,https://www.ocweekly.com/slideshow/new-york-school-art-under-the-influence-rohrer-fine-art-125098/
http://www.ocweekly.com/culture/arts/alien-cover-up-scores-victory/15590,https://www.ocweekly.com/attention-defenders-of-tan-nguyen-6474858/
"https://www.ocweekly.com/arthur-carmonas-killer-sentenced-to-six-years-in-prison-6475995/Abreu%27s%20victim%20was%20Arthur%20Carmona,%20subject%20of%20numerous%20articles%20in%20the%20Weekly%20over%20the%20years,%20ever%20since%201998,%20when%20he%20was%2016%20years%20old%20and%20wrongfully%20arrested,%20prosecuted%20and%20convicted%20of%20an%20Irvine%20robbery.%20After%20two%20years%20in%20prison,%20the%20Orange%20County%20District%20Attorney%27s%20office%20vacated%20the%20charges%20against%20him%20and%20Carmona%20struggled%20to%20get%20his%20life%20back%20on%20track,%20spending%20much%20of%20his%20energy%20as%20an%20activist%20for%20other%20wrongfully-convicted%20individuals","https://www.ocweekly.com/arthur-carmonas-killer-sentenced-to-six-years-in-prison-6475995/Abreu%27s%20victim%20was%20Arthur%20Carmona,%20subject%20of%20numerous%20articles%20in%20the%20Weekly%20over%20the%20years,%20ever%20since%201998,%20when%20he%20was%2016%20years%20old%20and%20wrongfully%20arrested,%20prosecuted%20and%20convicted%20of%20an%20Irvine%20robbery.%20After%20two%20years%20in%20prison,%20the%20Orange%20County%20District%20Attorney%27s%20office%20vacated%20the%20charges%20against%20him%20and%20Carmona%20struggled%20to%20get%20his%20life%20back%20on%20track,%20spending%20much%20of%20his%20energy%20as%20an%20activist%20for%20other%20wrongfully-convicted%20individuals."
"https://www.ocweekly.com/updated-everyone-thinks-court-will-uphold-bans-california-supreme-court-weighs-future-of-medical-marijuana-6445802/%22http:/www.latimes.com/news/local/la-me-medical-marijuana-20130206,0,1449914.story","https://www.ocweekly.com/updated-everyone-thinks-court-will-uphold-bans-california-supreme-court-weighs-future-of-medical-marijuana-6445802/%22http:/www.latimes.com/news/local/la-me-medical-marijuana-20130206,0,1449914.story%22"
"https://www.ocweekly.com/restaurants/,DanaInfo=posting.ocweekly.com+a-gorgeas-mix-now-delivering-vegan-meals-in-oc-6619319",https://www.ocweekly.com/on-season-meals-new-meal-prep-delivery-service-comes-out-of-fullerton-6898359/
http://www.ocweekly.com/food/feature-review/boneheads-in-lake-forest-may-be-a-chain-but-its-a-good-one/28599/,https://www.ocweekly.com/great-persian-food-at-house-of-kabob-in-lake-forest-6614233/
"https://www.ocweekly.com/anaheims-citizens-advisory-committee-recommends-districts-be-put-on-the-ballot-6484657/%22https:/my.vvmedia.com/,DanaInfo=www.twitter.com+ocweekly","https://www.ocweekly.com/anaheims-citizens-advisory-committee-recommends-districts-be-put-on-the-ballot-6484657/%22https:/my.vvmedia.com/,DanaInfo=www.twitter.com+ocweekly%22"
"https://www.ocweekly.com/anaheims-citizens-advisory-committee-recommends-districts-be-put-on-the-ballot-6484657/%22https:/my.vvmedia.com/,DanaInfo=www.facebook.com+OCWeekly","https://www.ocweekly.com/anaheims-citizens-advisory-committee-recommends-districts-be-put-on-the-ballot-6484657/%22https:/my.vvmedia.com/,DanaInfo=www.facebook.com+OCWeekly%22"
http://www.ocweekly.com/food/this-hole-in-the-wall-life/this-hole-in-the-wall-life/25776/,https://www.ocweekly.com/el-pollo-de-oro-dead-6622519/
http://www.ocweekly.com/food/this-hole-in-the-wall-life/fine-chicken/8778/,https://www.ocweekly.com/el-pollo-de-oro-dead-6622519/
http://www.ocweekly.com/food/feature-review/surfin-chicken-safari/21229/,https://www.ocweekly.com/el-pollo-de-oro-dead-6622519/
http://www.ocweekly.com/culture/arts/alien-cover-up-scores-victory/15590/,https://www.ocweekly.com/yet-another-reason-kfi-sucks-6462493/
http://www.ocweekly.com/food/feature-review/corn-dog-royalty/26985/,https://www.ocweekly.com/news-cheap-disney-trick-6440459/
"https://www.ocweekly.com/tina-hoang-whose-body-was-found-on-sand-in-newport-beach-is-officially-a-homicide-victim-6474061/%22http:/www.dailypilot.com/news/tn-dpt-0501-hoang-homicide-20130429,0,5303797.story","https://www.ocweekly.com/tina-hoang-whose-body-was-found-on-sand-in-newport-beach-is-officially-a-homicide-victim-6474061/%22http:/www.dailypilot.com/news/tn-dpt-0501-hoang-homicide-20130429,0,5303797.story%22"
"http://www.ocweekly.com/film/features/the-year-in-diplomatic-buffoonery,-argyros%11style_2004-12-30.html",https://www.ocweekly.com/lets-send-king-george-to-baghdad-6481346/
"https://www.ocweekly.com/gustavos-latest-commentary-for-kcrw-on-whether-oc-needs-an-anti-corruption-commission-6465115/%22https:/my.vvmedia.com/,DanaInfo=www.twitter.com+gustavoarellano","https://www.ocweekly.com/gustavos-latest-commentary-for-kcrw-on-whether-oc-needs-an-anti-corruption-commission-6465115/%22https:/my.vvmedia.com/,DanaInfo=www.twitter.com+gustavoarellano%22"
"https://www.ocweekly.com/gustavos-latest-commentary-for-kcrw-on-whether-oc-needs-an-anti-corruption-commission-6465115/%22https:/my.vvmedia.com/,DanaInfo=www.facebook.com+OCWeekly","https://www.ocweekly.com/gustavos-latest-commentary-for-kcrw-on-whether-oc-needs-an-anti-corruption-commission-6465115/%22https:/my.vvmedia.com/,DanaInfo=www.facebook.com+OCWeekly%22"
"https://www.ocweekly.com/gustavos-latest-commentary-for-kcrw-on-whether-oc-needs-an-anti-corruption-commission-6465115/%22https:/my.vvmedia.com/,DanaInfo=www.twitter.com+ocweekly","https://www.ocweekly.com/gustavos-latest-commentary-for-kcrw-on-whether-oc-needs-an-anti-corruption-commission-6465115/%22https:/my.vvmedia.com/,DanaInfo=www.twitter.com+ocweekly%22"
http://www.ocweekly.com/images/caronaindictment.pdf,https://www.ocweekly.com/news-read-sheriff-caronas-indictment-here-6452000/
http://www.ocweekly.com/culture/trendzilla/trendzilla/24446/,https://www.ocweekly.com/celebrity-surf-jammin-6476840/
"https://www.ocweekly.com/newport-beach-weighs-outsourcing-lifeguards-6483359/%22http:/www.dailypilot.com/news/tn-dpt-me-0104-lifeguard-outsourcing-corona-20140104,0,6739812.story","https://www.ocweekly.com/newport-beach-weighs-outsourcing-lifeguards-6483359/%22http:/www.dailypilot.com/news/tn-dpt-me-0104-lifeguard-outsourcing-corona-20140104,0,6739812.story%22"
"https://www.ocweekly.com/the-five-best-concerts-in-oc-this-weekend-6592091/%22http:/mt.laweekly.com/mt-static/html/www,yosttheater.com","https://www.ocweekly.com/the-five-best-concerts-in-oc-this-weekend-6592091/%22http:/mt.laweekly.com/mt-static/html/www,yosttheater.com%22"
"https://www.ocweekly.com/irwindale-city-council-unanimously-declares-sriracha-fumes-a-public-nuisance-6628930/%22http:/www.latimes.com/local/lanow/la-me-ln-sriracha-hearing-20140409,0,1664872.story","https://www.ocweekly.com/irwindale-city-council-unanimously-declares-sriracha-fumes-a-public-nuisance-6628930/%22http:/www.latimes.com/local/lanow/la-me-ln-sriracha-hearing-20140409,0,1664872.story%22"
http://www.ocweekly.com/culture/books/hitchensarrives/21077/,https://www.ocweekly.com/news-the-oc-weekly-and-the-nation-magazine-not-our-actual-nation-6482419/
http://www.ocweekly.com/food/feature-review/the-new-times/26871/,https://www.ocweekly.com/news-the-oc-weekly-and-the-nation-magazine-not-our-actual-nation-6482419/
https://www.ocweekly.com/images/ink/05/23/23cathedra1.pdf,https://www.ocweekly.com/personnel-bile-2-surf-city-sinnin-6401005/
https://www.ocweekly.com/images/ink/05/23/23cathedra2.pdf,https://www.ocweekly.com/personnel-bile-2-surf-city-sinnin-6401005/
https://www.ocweekly.com/images/ink/05/23/23cathedra3.pdf,https://www.ocweekly.com/personnel-bile-2-surf-city-sinnin-6401005/
https://www.ocweekly.com/images/ink/05/23/23cathedra4.pdf,https://www.ocweekly.com/personnel-bile-2-surf-city-sinnin-6401005/
https://www.ocweekly.com/images/ink/05/23/23cathedra5.pdf,https://www.ocweekly.com/personnel-bile-2-surf-city-sinnin-6401005/
https://www.ocweekly.com/images/ink/05/23/23cathedra6.pdf,https://www.ocweekly.com/personnel-bile-2-surf-city-sinnin-6401005/
https://www.ocweekly.com/images/ink/05/23/23cathedra7.pdf,https://www.ocweekly.com/personnel-bile-2-surf-city-sinnin-6401005/
https://www.ocweekly.com/images/ink/05/22/22letter.pdf,https://www.ocweekly.com/personnel-bile-1-6400991/
https://www.ocweekly.com/images/ink/05/37/gustavo01.pdf,https://www.ocweekly.com/the-sins-of-the-father-6401010/
http://www.ocweekly.com/culture/arts/a-little-michelangelo-a-little-rodin-a-little-rockefeller/26094/,https://www.ocweekly.com/nguyen-nguyen-situation-6471588/
"https://www.ocweekly.com/top-5-oc-events-for-la-beer-week-which-starts-tomorrow-6609393/See%20Also:%20%0A%20%20%20%20Thurs.,%20Sept.%2020%20to%20Sunday,%20Sept.%2023%20%0A%20%20%20%20Beachwood%20Farmhouse%20Ale%20Festival%20at%20Beachwood%20BBQ%20in%20Seal%20Beach%0A%20%20%20%20All%20day%20%0A%20%20%20%20Bringing%20craft%20beer%20back%20to%20its%20agriculture%20roots,%20the%20event%20showcases%20the%20diversity%20of%20farmhouse%20ales,%20rustic%20provision%20beers%20originally%20brewed%20in%20Belgium%20and%20France.%20These%20days,%20farmhouse%20ales%20are%20brewed%20by%20craft%20brewers%20around%20the%20world,%20from%20Norway%20to%20Japan,%20and%20have%20evolved%20into%20an%20infinite%20number%20of%20flavor%20profiles.%20Beachwood%20BBQ%20will%20be%20serving%20farmhouse-inspired%20food%20specials%20and%20a%20rotating%20draft%20list%20featuring%20all%20farmhouse%20ales.%20See%20the%20full%20tap%20list%20here.%20%0A%20%20%20%20Fri.,%20Sept.%2021%20%0A%20%20%20%20Dogfish%20Head%20Night%20at%20Beachwood%20BBQ%20&%20Brewing%20in%20Long%20Beach%0A%20%20%20%20Starting%20at%206%20p.m.%20%0A%20%20%20%20A%20night%20to%20celebrate%20the%20fearless%20innovation%20that%20is%20Dogfish%20Head%20Brewery.%20The%20restaurant%20will%20have%20an%20eclectic%20selection%20of%20draft%20specialties,%20the%20infamous%20Randall%20hop%20infuser,%20along%20with%20some%20tasty,%20beer%20inspired%20food%20specials.%20%0A%20%20%20%20Sat.,%20Sept%2022%20%0A%20%20%20%20Beer%20Run%205K/OC%20Fest%20of%20Ales%0A%20%20%20%20Downtown%20Anaheim%27s%20Beer%20Run%205K%20takes%20runners%20down%20a%20flat,%20easy%20path%20that%20starts%20and%20ends%20at%20the%20Center%20Street%20Promenade.%20It%20coincides%20with%20the%20OC%20Fest%20of%20Ales,%20an%20inaugural%20event%20featuring%20100%20beers,%20food%20pairings,%20live%20music%20and%20a%20food%20truck%20challenge.%20Those%20who%20purchase%20the%205K/beer%20fest%20combo%20ticket%20%28$45%20before%20Sept.%201%29%20get%20to%20experience%20the%20best%20of%20both%20worlds--good%20exercise%20and%20the%20joy%20of%20re-drinking%20the%20calories.%20For%20those%20who%27d%20rather%20sleep%20in,%20single%20beer%20fest%20tickets%20are%20available%20as%20well.%20%0A%20%20%20%20Tues.,%20Sept.%2025%0A%20%20%20%20IPA%20Night%20at%20Haven%20Gastropub%20in%20Orange%20%0A%20%20%20%20Starting%20at%206%20p.m.,%20while%20supplies%20last%20%0A%20%20%20%20Get%20hopped-up%20on%20IPA.%20Featured%20beers%20include%20Pliny%20the%20Elder,%20120%20Minute,%20New%20Belgium/Alpine%20Collab,%20Ballast%20Point%20Sculpin,%20Knuckle%20Sandwich%20and%20other%20surprises.%20%0A%20%20%20%20Sat,%20Sept.%2029%20%0A%20%20%20%20Orange%20County%20Brewery%20Tour%20by%20LA%20Craft%20Beer%20Tours%20%0A%20%20%20%20Starting%20at%201%20p.m.%20%0A%20%20%20%20A%20five-hour%20experience,%20the%20OC%20brewery%20tour%20begins%20at%20Old%20Orange%20Brewery%20and%20stops%20at%20Noble%20Ale%20Works,%20Bootleggers%20Brewery%20and%20The%20Bruery.%20The%20tour%20is%20free%20but%20seats%20are%20limited.%20Email%20pat@lacraftbeertours%20to%20make%20reservations.%20%0A%20%20%20%20http:/beachwoodbbq.com/events.php",https://www.ocweekly.com/top-5-oc-events-for-la-beer-week-which-starts-tomorrow-6609393/
https://www.ocweekly.com/www.koos.org,https://www.ocweekly.com/to-do-tonight-3-10-6463463/
"https://www.ocweekly.com/chris-epting-hb-independent-columnist-freaks-out-aqmd-officials-over-awesome-journalism-on-proposed-beach-fire-pits-ban-6451404/%22http:/www.hbindependent.com/opinion/tn-hbi-0411-pipeline-20130409,0,5419966,full.story","https://www.ocweekly.com/chris-epting-hb-independent-columnist-freaks-out-aqmd-officials-over-awesome-journalism-on-proposed-beach-fire-pits-ban-6451404/%22http:/www.hbindependent.com/opinion/tn-hbi-0411-pipeline-20130409,0,5419966,full.story%22"
"https://www.ocweekly.com/jeffrey-hubbard-fired-newport-mesa-schools-chief-wins-appeal-of-corruption-conviction-6451271/%22http:/www.dailypilot.com/news/tn-dpt-me-0103-hubbard-conviction-overturned-20140101,0,152873.story","https://www.ocweekly.com/jeffrey-hubbard-fired-newport-mesa-schools-chief-wins-appeal-of-corruption-conviction-6451271/%22http:/www.dailypilot.com/news/tn-dpt-me-0103-hubbard-conviction-overturned-20140101,0,152873.story%22"
http://www.ocweekly.com/bestof08,https://www.ocweekly.com/to-do-tonight-10-9-6447257/
"https://www.ocweekly.com/bjork-on-being-bjork-in-illustrated-form-6573643/%22http:/content.time.com/time/magazine/article/0,9171,1000777-4,00.html","https://www.ocweekly.com/bjork-on-being-bjork-in-illustrated-form-6573643/%22http:/content.time.com/time/magazine/article/0,9171,1000777-4,00.html%22"
"https://www.ocweekly.com/huge-decline-in-la-county-porn-shoots-is-not-orange-countys-gain-yet-6478112/%22http:/www.latimes.com/news/local/la-me-04-18-porn-20130418,0,2436029.story","https://www.ocweekly.com/huge-decline-in-la-county-porn-shoots-is-not-orange-countys-gain-yet-6478112/%22http:/www.latimes.com/news/local/la-me-04-18-porn-20130418,0,2436029.story%22"
"https://www.ocweekly.com/flatbush-zombies-bring-plenty-of-blunts-and-brains-to-the-rap-game-6568432/Flatbush%20Zombies%20perform%20with%20Bodega%20Bamz%20at%20the%20Constellation%20Room,%203503%20S.%20Harbor%20Blvd.,%20Santa%20Ana,%20%28714%29%20957-0600;%20www.observatoryoc.com.%20Fri.,%208%20p.m.%2020.%20All%20ages.%20For%20more%20info%20on%20Flatbush%20Zombies,%20visit%20www.facebook.com/FlatBushZombies","https://www.ocweekly.com/flatbush-zombies-bring-plenty-of-blunts-and-brains-to-the-rap-game-6568432/Flatbush%20Zombies%20perform%20with%20Bodega%20Bamz%20at%20the%20Constellation%20Room,%203503%20S.%20Harbor%20Blvd.,%20Santa%20Ana,%20%28714%29%20957-0600;%20www.observatoryoc.com.%20Fri.,%208%20p.m.%20$20.%20All%20ages.%20For%20more%20info%20on%20Flatbush%20Zombies,%20visit%20www.facebook.com/FlatBushZombies."
"https://www.ocweekly.com/ram-n-sanchez-southern-california-mexican-food-icon-passes-away-6629864/%22https:/my.vvmedia.com/,DanaInfo=bestof.voiceplaces.com+orange-county","https://www.ocweekly.com/ram-n-sanchez-southern-california-mexican-food-icon-passes-away-6629864/%22https:/my.vvmedia.com/,DanaInfo=bestof.voiceplaces.com+orange-county%22"
"https://www.ocweekly.com/best-of-coachella-2013-weekend-two-6582298/%22http:/blogs.laweekly.com/westcoastsound/Dog%20Blood,%20Norris.jpg","https://www.ocweekly.com/best-of-coachella-2013-weekend-two-6582298/%22http:/blogs.laweekly.com/westcoastsound/Dog%20Blood,%20Norris.jpg%22"
http://www.ocweekly.com/calendar/outta-county/tuesday-124/28134/,https://www.ocweekly.com/news-to-do-tonight-12-04-6466127/
https://www.ocweekly.com/www.gallagherspub.com,https://www.ocweekly.com/to-do-tonight-3-17-6453035/
"https://www.ocweekly.com/dana-rohrabacher-proves-again-his-consistency-is-inconsistency-6483280/%22http:/www.dailypilot.com/news/tn-dpt-me-0514-airwolf-3d-20140513,0,1704955.story","https://www.ocweekly.com/dana-rohrabacher-proves-again-his-consistency-is-inconsistency-6483280/%22http:/www.dailypilot.com/news/tn-dpt-me-0514-airwolf-3d-20140513,0,1704955.story%22"
"https://www.ocweekly.com/updated-with-break-from-reality-catherine-kieu-becker-tried-for-dosing-husbands-dinner-and-slicing-off-his-penis-6471285/%22https:/my.vvmedia.com/,DanaInfo=www.twitter.com+ocweekly","https://www.ocweekly.com/updated-with-break-from-reality-catherine-kieu-becker-tried-for-dosing-husbands-dinner-and-slicing-off-his-penis-6471285/%22https:/my.vvmedia.com/,DanaInfo=www.twitter.com+ocweekly%22"
"https://www.ocweekly.com/updated-with-break-from-reality-catherine-kieu-becker-tried-for-dosing-husbands-dinner-and-slicing-off-his-penis-6471285/%22https:/my.vvmedia.com/,DanaInfo=www.facebook.com+OCWeekly","https://www.ocweekly.com/updated-with-break-from-reality-catherine-kieu-becker-tried-for-dosing-husbands-dinner-and-slicing-off-his-penis-6471285/%22https:/my.vvmedia.com/,DanaInfo=www.facebook.com+OCWeekly%22"
"https://www.ocweekly.com/quake-damage-to-keep-school-building-closed-for-more-than-a-week-aftershocks-surpass-60-6444114/%22http:/www.latimes.com/local/lanow/la-me-brea-school-closure-20140330,0,6247810.story",https://www.ocweekly.com/quake-damage-to-keep-school-building-closed-for-more-than-a-week-aftershocks-surpass-60-6444114/
"https://www.ocweekly.com/updated-with-substance-is-sand-suspicious-package-to-huntington-beach-fire-department-closes-city-hall-6449061/%22https:/my.vvmedia.com/,DanaInfo=twitter.com,SSL+MatthewTCoker","https://www.ocweekly.com/updated-with-substance-is-sand-suspicious-package-to-huntington-beach-fire-department-closes-city-hall-6449061/%22https:/my.vvmedia.com/,DanaInfo=twitter.com,SSL+MatthewTCoker%22"
"https://www.ocweekly.com/updated-with-substance-is-sand-suspicious-package-to-huntington-beach-fire-department-closes-city-hall-6449061/%22https:/my.vvmedia.com/,DanaInfo=www.twitter.com+ocweekly","https://www.ocweekly.com/updated-with-substance-is-sand-suspicious-package-to-huntington-beach-fire-department-closes-city-hall-6449061/%22https:/my.vvmedia.com/,DanaInfo=www.twitter.com+ocweekly%22"
"https://www.ocweekly.com/updated-with-substance-is-sand-suspicious-package-to-huntington-beach-fire-department-closes-city-hall-6449061/%22https:/my.vvmedia.com/,DanaInfo=www.facebook.com+OCWeekly","https://www.ocweekly.com/updated-with-substance-is-sand-suspicious-package-to-huntington-beach-fire-department-closes-city-hall-6449061/%22https:/my.vvmedia.com/,DanaInfo=www.facebook.com+OCWeekly%22"
http://www.ocweekly.com/content/view/295233,https://www.ocweekly.com/tonight-midnight-hour-free-at-detroit-bar-last-chance-6584527/
"https://www.ocweekly.com/the-real-miyagi-honors-martial-arts-legend-with-two-screenings-tonight-6465490/%22https:/my.vvmedia.com/,DanaInfo=youtu.be+G7XmJUtcsak?list=PLJic7bfGlo3qlgmccaaNAXTChp_Ny8CE4%22",https://www.ocweekly.com/the-real-miyagi-honors-martial-arts-legend-with-two-screenings-tonight-6465490/
https://www.ocweekly.com/%20holidaycheers,https://www.ocweekly.com/%20holidaycheers%20
"https://www.ocweekly.com/5-reasons-you-missed-navel-gazing-starring-chris-dorner-mike-carona-and-meth-lovers-6463875/%22https:/my.vvmedia.com/,DanaInfo=twitter.com,SSL+MatthewTCoker","https://www.ocweekly.com/5-reasons-you-missed-navel-gazing-starring-chris-dorner-mike-carona-and-meth-lovers-6463875/%22https:/my.vvmedia.com/,DanaInfo=twitter.com,SSL+MatthewTCoker%22"
"https://www.ocweekly.com/5-reasons-you-missed-navel-gazing-starring-chris-dorner-mike-carona-and-meth-lovers-6463875/%22https:/my.vvmedia.com/,DanaInfo=www.twitter.com+ocweekly","https://www.ocweekly.com/5-reasons-you-missed-navel-gazing-starring-chris-dorner-mike-carona-and-meth-lovers-6463875/%22https:/my.vvmedia.com/,DanaInfo=www.twitter.com+ocweekly%22"
"https://www.ocweekly.com/5-reasons-you-missed-navel-gazing-starring-chris-dorner-mike-carona-and-meth-lovers-6463875/%22https:/my.vvmedia.com/,DanaInfo=www.facebook.com+OCWeekly","https://www.ocweekly.com/5-reasons-you-missed-navel-gazing-starring-chris-dorner-mike-carona-and-meth-lovers-6463875/%22https:/my.vvmedia.com/,DanaInfo=www.facebook.com+OCWeekly%22"
"https://www.ocweekly.com/courtney-aoki-aka-kitty-kitanna-danced-at-a-weekly-best-of-2012-spot-and-was-engaged-and-pregnant-but-was-the-slain-woman-an-escort-6452868/%22http:/www.dailypilot.com/entertainment/tn-dpt-0723-theatre-20100721,0,5687784.story","https://www.ocweekly.com/courtney-aoki-aka-kitty-kitanna-danced-at-a-weekly-best-of-2012-spot-and-was-engaged-and-pregnant-but-was-the-slain-woman-an-escort-6452868/%22http:/www.dailypilot.com/entertainment/tn-dpt-0723-theatre-20100721,0,5687784.story%22"
http://www.ocweekly.com/books/books/it-makes-television-smart/24670/,https://www.ocweekly.com/tapping-the-source-and-maybe-your-phone-6449319/
"https://www.ocweekly.com/newport-beach-police-chief-accused-of-slimy-retaliatory-conduct-in-new-lawsuit-6483581/%22http:/www.dailypilot.com/news/tn-dpt-0503-police-chief-lawsuit-20130502,0,4116116.story","https://www.ocweekly.com/newport-beach-police-chief-accused-of-slimy-retaliatory-conduct-in-new-lawsuit-6483581/%22http:/www.dailypilot.com/news/tn-dpt-0503-police-chief-lawsuit-20130502,0,4116116.story%22"
"https://www.ocweekly.com/boy-george-transforms-again-in-illustrated-form-6573254/%22http:/www.people.com/people/article/0,,20096963,00.html","https://www.ocweekly.com/boy-george-transforms-again-in-illustrated-form-6573254/%22http:/www.people.com/people/article/0,,20096963,00.html%22"
http://www.ocweekly.com/culture/trendzilla/trendzilla-how-to-remain-ladylike-and-stunning-in-knee-high-socks/28604/,https://www.ocweekly.com/because-youre-ugly-look-for-less-luella-6455412/
http://www.ocweekly.com/calendar/outta-county/tuesday-1211/28170/,https://www.ocweekly.com/news-to-do-tonight-12-11-6478276/
"https://www.ocweekly.com/david-rose-scammed-doctors-and-dentists-to-pay-for-coto-de-caza-rents-luxury-cars-powerboat-green-bay-packers-stock-feds-6476075/%22https:/my.vvmedia.com/,DanaInfo=twitter.com,SSL+MatthewTCoker","https://www.ocweekly.com/david-rose-scammed-doctors-and-dentists-to-pay-for-coto-de-caza-rents-luxury-cars-powerboat-green-bay-packers-stock-feds-6476075/%22https:/my.vvmedia.com/,DanaInfo=twitter.com,SSL+MatthewTCoker%22"
"https://www.ocweekly.com/david-rose-scammed-doctors-and-dentists-to-pay-for-coto-de-caza-rents-luxury-cars-powerboat-green-bay-packers-stock-feds-6476075/%22https:/my.vvmedia.com/,DanaInfo=www.twitter.com+ocweekly","https://www.ocweekly.com/david-rose-scammed-doctors-and-dentists-to-pay-for-coto-de-caza-rents-luxury-cars-powerboat-green-bay-packers-stock-feds-6476075/%22https:/my.vvmedia.com/,DanaInfo=www.twitter.com+ocweekly%22"
"https://www.ocweekly.com/david-rose-scammed-doctors-and-dentists-to-pay-for-coto-de-caza-rents-luxury-cars-powerboat-green-bay-packers-stock-feds-6476075/%22https:/my.vvmedia.com/,DanaInfo=www.facebook.com+OCWeekly","https://www.ocweekly.com/david-rose-scammed-doctors-and-dentists-to-pay-for-coto-de-caza-rents-luxury-cars-powerboat-green-bay-packers-stock-feds-6476075/%22https:/my.vvmedia.com/,DanaInfo=www.facebook.com+OCWeekly%22"
"https://www.ocweekly.com/updated-with-appeal-withdrawn-dr-lisa-tsengs-over-prescription-cloud-hangs-over-surf-citys-now-closed-pacifica-pharmacy-6451606/%22http:/www.latimes.com/la-prescription-drugs-part-3-20121219-dto,0,7297534.htmlstory","https://www.ocweekly.com/updated-with-appeal-withdrawn-dr-lisa-tsengs-over-prescription-cloud-hangs-over-surf-citys-now-closed-pacifica-pharmacy-6451606/%22http:/www.latimes.com/la-prescription-drugs-part-3-20121219-dto,0,7297534.htmlstory%22"
http://www.ocweekly.com/culture/arts/careless-people/24707/,https://www.ocweekly.com/were-gonna-need-a-bigger-cave-6464534/
"https://www.ocweekly.com/irvine-animal-care-centers-volunteers-claim-the-shelter-is-a-one-way-pet-motel-6478288/%22http:/www.dailypilot.com/news/tn-dpt-me-1129-irvine-animal-care-20141128,0,7602124.story","https://www.ocweekly.com/irvine-animal-care-centers-volunteers-claim-the-shelter-is-a-one-way-pet-motel-6478288/%22http:/www.dailypilot.com/news/tn-dpt-me-1129-irvine-animal-care-20141128,0,7602124.story%22"
http://www.ocweekly.com/food/this-hole-in-the-wall-life/this-hole-in-the-wall-life/28231/,https://www.ocweekly.com/kyochon-chicken-opens-in-stanton-6609234/
http://www.ocweekly.com/food/feature-review/out-of-the-ashes/27132/,https://www.ocweekly.com/kyochon-chicken-opens-in-stanton-6609234/
"https://www.ocweekly.com/craig-frizzell-steve-shulman-robert-morton-ex-newport-beach-cops-win-1-mil-settlement-6449770/%22http:/www.latimes.com/local/la-me-0218-newport-police-20140218,0,6725970.story","https://www.ocweekly.com/craig-frizzell-steve-shulman-robert-morton-ex-newport-beach-cops-win-1-mil-settlement-6449770/%22http:/www.latimes.com/local/la-me-0218-newport-police-20140218,0,6725970.story%22"
"https://www.ocweekly.com/navy-fires-back-at-protectors-of-whales-suing-over-sonar-testing-plans-off-the-coast-6468326/Earthjustice,%20which%20filed%20the%20lawsuit,%20represents%20Conservation%20Council%20for%20Hawai%27i,%20the%20Animal%20Welfare%20Institute,%20Center%20for%20Biological%20Diversity%20and%20Ocean%20Mammal%20Institute%20in%20this%20matter","https://www.ocweekly.com/navy-fires-back-at-protectors-of-whales-suing-over-sonar-testing-plans-off-the-coast-6468326/Earthjustice,%20which%20filed%20the%20lawsuit,%20represents%20Conservation%20Council%20for%20Hawai%27i,%20the%20Animal%20Welfare%20Institute,%20Center%20for%20Biological%20Diversity%20and%20Ocean%20Mammal%20Institute%20in%20this%20matter."
http://www.ocweekly.com/food/feature-review/fishing-for-quality/27010/,https://www.ocweekly.com/news-uni-cycles-6456214/
http://www.ocweekly.com/component/content2/view/this-week-in-rolling-on-shabbos_2006-03-01/,https://www.ocweekly.com/more-new-music-shows-next-week-shotgunning-beers-6456315/
http://www.ocweekly.com/bestofpoll/,https://www.ocweekly.com/news-earth-to-sol-t-6456089/
http://www.ocweekly.com/calendar/outta-county/friday-1116/28088/,https://www.ocweekly.com/news-to-do-tonight-11-16-6467409/
http://www.ocweekly.com/calendar/outta-county/saturday-1117/28089/,https://www.ocweekly.com/news-to-do-tonight-11-16-6467409/
http://www.ocweekly.com/calendar/outta-county/sunday-1118/28090/,https://www.ocweekly.com/news-to-do-tonight-11-16-6467409/
http://www.ocweekly.com/culture/theater/racism-with-feeling/25732/,https://www.ocweekly.com/overheard-at-chapman-university-6465972/
"http://www.ocweekly.com/music/music/buy-the-ticket,-take-the-ride_2006-01-19.html",https://www.ocweekly.com/google-dolls-6473809/
http://www.ocweekly.com/food/this-hole%11in%11the%11wall-life/this-hole%11in%11the%11wall-life_2006-01-19.html,https://www.ocweekly.com/google-dolls-6473809/
http://www.ocweekly.com/component/content2/new-reviews/,https://www.ocweekly.com/google-dolls-6473809/
http://www.ocweekly.com/calendar/lowballasschatter/14691/,https://www.ocweekly.com/news-rich-kane-returns-6482038/
http://www.ocweekly.com/culture/trendzilla/trendzilla/25879/,https://www.ocweekly.com/yellow-fevers-secondary-infections-6475880/
https://www.ocweekly.com/slideshow/cocktails-for-a-cause-838781/www.mosunclubm.com,https://www.ocweekly.com/slideshow/cocktails-for-a-cause-838781/
https://www.ocweekly.com/slideshow/cocktails-for-a-cause-benefiting-emilys-army-802123/www.studiohodson.com,https://www.ocweekly.com/slideshow/cocktails-for-a-cause-benefiting-emilys-army-802123/
http://www.ocweekly.com/food/this-hole-in-the-wall-life/this-hole-in-the-wall-life/26982/,https://www.ocweekly.com/news-take-my-food-eating-job-por-favor-6457143/
http://www.ocweekly.com/images/movies/102-Stop.wmv,http://ocweekly.com/images/movies/102-Stop.wmv
http://www.ocweekly.com/culture/arts/cul-de-sace-kandinsky/22912/,https://www.ocweekly.com/the-busted-reg-o-meter-week-ending-march-29-6441686/
"https://www.ocweekly.com/racist-oc-register-fustercluck-of-the-day-6454527/$100,000%20Reward%20for%20Violent%20Bank%20Robbers",https://www.ocweekly.com/racist-oc-register-fustercluck-of-the-day-6454527/
http://www.ocweekly.com/calendar/outta-county/friday-127/28166/,https://www.ocweekly.com/news-what-you-missed-over-the-weekend-part-i-6455883/
http://www.ocweekly.com/food/feature-review/santa-ana-savoring/28137/,https://www.ocweekly.com/what-you-missed-over-the-weekend-part-iv-6445336/
"https://www.ocweekly.com/rc-hoiles-gets-revenge-on-aaron-kushner-complaint-alleges-oc-reg-owes-rent-to-hoiles-descendants-6461772/%22http:/www.theonion.com/personalities/t-herman-zweibel,1024/","https://www.ocweekly.com/rc-hoiles-gets-revenge-on-aaron-kushner-complaint-alleges-oc-reg-owes-rent-to-hoiles-descendants-6461772/%22http:/www.theonion.com/personalities/t-herman-zweibel,1024/%22"
http://www.ocweekly.com/culture/theater/a-raw-nerve/27521/,https://www.ocweekly.com/what-you-missed-over-the-weekend-part-vii-6469241/
http://www.ocweekly.com/food/feature-review/a-fiesta-in-your-mouth/26209/,https://www.ocweekly.com/news-first-the-weekly-then-the-times-then-the-world-6455573/
http://www.ocweekly.com/culture/arts/the-honeymooners/19575/,https://www.ocweekly.com/porn-and-taxes-6466770/
http://www.ocweekly.com/pubcrawl,https://www.ocweekly.com/slideshow/oc-weeklys-super-hero-pub-crawl-1225264/
http://www.ocweekly.com/food/this-hole-in-the-wall-life/this-hole-in-the-wall-life/27835/,https://www.ocweekly.com/found-salte-as-in-the-city-of-tustin-6620996/
http://www.ocweekly.com/food/this-hole-in-the-wall-life/this-hole-in-the-wall-life/27317/,https://www.ocweekly.com/hispanic-bar-association-hijinks-6457789/
http://www.ocweekly.com/calendar/outta-county/wednesday-125/28135/,https://www.ocweekly.com/news-to-do-tonight-12-05-6471177/
https://www.ocweekly.com/exchweb/bin/redir.asp?URL=http%3A%2F%2Fwww.NewportBeachFilmFest.com,https://www.ocweekly.com/action-sports-films-sought-for-newport-beach-film-festival-6454529/
http://www.ocweekly.com/slideshow/lucha-vavoom-the-grove-235540/,https://www.ocweekly.com/slideshow/meet-the-masked-men-of-world-power-wrestling-lucha-libre-38680575/
http://www.ocweekly.com/slideshow/liskfest-oak-canyon-ranch-163873/,https://www.ocweekly.com/slideshow/rival-sons-fingerprints-39149641/
"https://www.ocweekly.com/arrested-development-fans-can-rejoice-i-just-blue-myself-at-santa-ana-art-gallery-exhibit-6444353/%22https:/my.vvmedia.com/,DanaInfo=www.savesteveholt.com+","https://www.ocweekly.com/arrested-development-fans-can-rejoice-i-just-blue-myself-at-santa-ana-art-gallery-exhibit-6444353/%22https:/my.vvmedia.com/,DanaInfo=www.savesteveholt.com+%22"
"https://www.ocweekly.com/arrested-development-fans-can-rejoice-i-just-blue-myself-at-santa-ana-art-gallery-exhibit-6444353/%22https:/my.vvmedia.com/,DanaInfo=www.facebook.com+savesteveholt","https://www.ocweekly.com/arrested-development-fans-can-rejoice-i-just-blue-myself-at-santa-ana-art-gallery-exhibit-6444353/%22https:/my.vvmedia.com/,DanaInfo=www.facebook.com+savesteveholt%22"
"https://www.ocweekly.com/arrested-development-fans-can-rejoice-i-just-blue-myself-at-santa-ana-art-gallery-exhibit-6444353/%22https:/my.vvmedia.com/,DanaInfo=twitter.com,SSL+MatthewTCoker","https://www.ocweekly.com/arrested-development-fans-can-rejoice-i-just-blue-myself-at-santa-ana-art-gallery-exhibit-6444353/%22https:/my.vvmedia.com/,DanaInfo=twitter.com,SSL+MatthewTCoker%22"
"https://www.ocweekly.com/arrested-development-fans-can-rejoice-i-just-blue-myself-at-santa-ana-art-gallery-exhibit-6444353/%22https:/my.vvmedia.com/,DanaInfo=www.twitter.com+ocweekly","https://www.ocweekly.com/arrested-development-fans-can-rejoice-i-just-blue-myself-at-santa-ana-art-gallery-exhibit-6444353/%22https:/my.vvmedia.com/,DanaInfo=www.twitter.com+ocweekly%22"
"https://www.ocweekly.com/arrested-development-fans-can-rejoice-i-just-blue-myself-at-santa-ana-art-gallery-exhibit-6444353/%22https:/my.vvmedia.com/,DanaInfo=www.facebook.com+OCWeekly","https://www.ocweekly.com/arrested-development-fans-can-rejoice-i-just-blue-myself-at-santa-ana-art-gallery-exhibit-6444353/%22https:/my.vvmedia.com/,DanaInfo=www.facebook.com+OCWeekly%22"
http://www.ocweekly.com/slideshow/old-world-village-in-pictures-267083/,https://www.ocweekly.com/slideshow/hauntoberfest-the-phoenix-club-40564900/
"https://www.ocweekly.com/borderline-food-swap-happening-this-saturday-6879409/www.facebook.com,SSL+BorderlineFoodSwapNOC",https://www.ocweekly.com/borderline-food-swap-happening-this-saturday-6879409/
"https://www.ocweekly.com/bree-walker-explains-her-dui-in-anaheim-and-unrecognizable-mugshot-update-6474695/%22http:/www.latimes.com/local/abcarian/la-me-ra-bree-walker-arrest-mugshot-20140224,0,6928428.story",https://www.ocweekly.com/bree-walker-explains-her-dui-in-anaheim-and-unrecognizable-mugshot-update-6474695/
"https://www.ocweekly.com/huntington-beach-high-school-district-now-confirms-student-hero-was-not-suspended-6441693/%22http:/www.hbindependent.com/news/tn-hbi-me-1001-hbhigh-fight-20150924,0,6003907.story","https://www.ocweekly.com/huntington-beach-high-school-district-now-confirms-student-hero-was-not-suspended-6441693/%22http:/www.hbindependent.com/news/tn-hbi-me-1001-hbhigh-fight-20150924,0,6003907.story%22"